ID;Art. Nr.;Serie;Artikel;Unsere Preis;Original Preis;Kurzbeschreibung;Beschreibung;Jahrgang;Herkunft;Region;Traubensorte;Farbe;Trinktemperatur;Past gut zu;Alkohol;Raritäten;Inhalt;Charakter
;F3030;9;COMTESSE DE BEAUVALLON SÉLECTION SPÉCIALE;18,5;22,5;COMTESSE DE BEAUVALLON SÉLECTION SPÉCIALE;;2006;Frankreich;Bordeaux;Cabernet Franc, Cabernet Sauvignon, Merlot, Petit Verdot;Rotwein;;Braten, Geflügel, kräftigem Käse;12,5%;ja;0.75 cl;
;F3031;9;DUCHESSE DE MAUZAC SÉLECTION SÉCIALE ST. JULIEN;18,5;22,5;DUCHESSE DE MAUZAC SÉLECTION SÉCIALE ST. JULIEN;;2004;Frankreich;Bordeaux;Cabernet Franc, Cabernet Sauvignon, Merlot, Petit Verdot;Rotwein;;Grillfleisch, kräftigem Käse;12,5%;ja;0,75 cl;
;F3032;9;MARQUIS DE PLAISANCE PAUILLAC;18,5;22,5;MARQUIS DE PLAISANCE PAUILLAC;;2004;Frankreich;Bordeaux;Aligote, Cabernet Franc, Cabernet Sauvignon, Merlot, Petit;Rotwein;;Geflügel, Kalbfleisch, mildem Käse, Rindfleisch;12%;ja;0,75 cl;
;F3033;10;FLEUR DU VENT VDP DE L'HERAULT ROSÉ;5,5;;FLEUR DU VENT VDP DE L'HERAULT ROSÉ;;2011;Frankreich;Languedoc-Roussillon;Carignan, Grecanico;Rosé;;Aperitif, Vorspeise & Salat;12%;;0,75 cl;
;F3034;9;FLEUR DU VENT ROUGE VDP DE L'HERAULT;5,5;;FLEUR DU VENT ROUGE VDP DE L'HERAULT;;2011;Frankreich;Languedoc-Roussillon;Carignan, Cinsault;Rotwein;;Aperitif, Fischgerichte, mildem Käse;12,5%;;0.75 cl;
;F3035;8;FLEUR DU VENT VDP DE L'HERAULT BLANC;5,5;;FLEUR DU VENT VDP DE L'HERAULT BLANC;;2011;Frankreich;Languedoc-Roussillon;Carignan, Cinsault, Grenache, Sauvignon Blanc;Weisswein;;Aperitif, Fischgerichte, Weisses Fleisch;11,8%;;0.75 cl;
;F3036;9;DOMAINE MONCABREL ST. CHINIAN;5,5;;DOMAINE MONCABREL ST. CHINIAN;;2006;Frankreich;Saint Cinian;Carignan, Cinsault;Rotwein;;;13%;;0.75 cl;
;F3037;9;CHÂTEAU MOULIN GUILLOMAT AOC;5,5;;CHÂTEAU MOULIN GUILLOMAT AOC;;2009;Frankreich;Bordeaux;Cabernet Sauvignon, Merlot;Rotwein;;Braten, Fischgerichte, kräftigem Käse, Weisses Fleisch, Wildfleisch;12,5%;;0.75 cl;
;F3038;9;CHÂTEAU SALVANHIAC ST. CHINIAN AOC;5,5;;CHÂTEAU SALVANHIAC ST. CHINIAN AOC;;2010;Frankreich;;Cabernet, Carignan, Shiraz / Syrah;Rotwein;;Braten,Grillfleisch, kräftigem Käse, Rindfleisch, Rotes Fleisch, Wildfleisch;13%;;0.75 cl;
;F3039;10;PAYS DE L'HERAULT IGP LES CHARMES BELLEVUE MOELLEUX ROSÉ;5,5;;PAYS DE L'HERAULT IGP LES CHARMES BELLEVUE MOELLEUX ROSÉ;;2010;Frankreich;Languedoc-Roussillon;Carignan, Cinsault, Grenache Blanc, Sauvignon Blanc;Rosé;;Aperitif, Fischgerichte, Weisses Fleisch;11,5%;;0.75 cl;
;F3040;9;PAYS DE L'HERAULT IGP LES CHARMES BELLEVUE MOELLEUX ROUGE;5,5;;PAYS DE L'HERAULT IGP LES CHARMES BELLEVUE MOELLEUX ROUGE;;2010;Frankreich;Languedoc-Roussillon;Carignan, Cinsault, Grenache Blanc, Sauvignon Blanc;Rotwein;;Braten, Grillfleisch, kräftigem Käse, Rindfleisch, Weisses Fleisch, Wildfleisch;11,5%;;0.75 cl;
;F3041;8;PAYS DE L'HERAULT IGP LES CHARMES BELLEVUE MOELLEUX BLANC;5,5;;PAYS DE L'HERAULT IGP LES CHARMES BELLEVUE MOELLEUX BLANC;;2010;Frankreich;Languedoc-Roussillon;Carignan, Cinsault, Grenache Blanc, Sauvignon Blanc;Rotwein;;;12,7%;;0.75 cl;
;F3042;9;CHÂTEAU ST. CHINIAN AOC VILLESPASSANS 10;7,5;;CHÂTEAU ST. CHINIAN AOC VILLESPASSANS 10;;2010;Frankreich;Saint Chinian;Carignan;Rotwein;;kräftigem Käse, Rotes Fleisch, Wildfleisch;13%;;0.75 cl;
;F3043;9;BORDEAUX AOC MARQUIS DE BRUN GRAN VIN DE BORDEAUX;5,5;;BORDEAUX AOC MARQUIS DE BRUN GRAN VIN DE BORDEAUX;;;Frankreich;Bordeaux, Rioja;Cabernet Franc, Cabernet Sauvignon, Merlot;Rotwein;;kräftigem Käse, Rindfleisch, Wildfleisch;13%;;0.75 cl;
;F3044;11;CHAMPAGNE LOUIS CHALVON GRANDE RESERVE BRUT;22,5;29,5;CHAMPAGNE LOUIS CHALVON GRANDE RESERVE BRUT;;;Frankreich;Vaudois;Chardonnay, Pinot Noir;Schaumwein;;Aperitif;12%;ja;0.75 cl;
;USA40;77;CABERNET SAUVIGNON CRESTVIEW PARK;5,5;;CABERNET SAUVIGNON CRESTVIEW PARK;;2010;USA;Kalifornien;Cabernet Sauvignon;Rotwein;;Braten, Grillfleisch, Pasta;13%;;0.75 cl;
;USA41;79;CHARDONNAY CRESTVIEW PARK;5,5;;CHARDONNAY CRESTVIEW PARK;;2010;USA;Kalifornien;Chardonnay;Weisswein;;Fischgerichte, Vorspeise & Salat;13%;;0.75 cl;
;USA42;77;MERLOT CRESTVIEW PARK;5,5;;MERLOT CRESTViEW PARK;;2009;USA;Kalifornien;Merlot;Rotwein;;Barbeque;13%;;0.75 cl;
;USA43;78;ZINFANDEL CRESTVIEW PARK ROSÉ;5,5;;ZINFANDEL CRESTVIEW PARK ROSÉ;;2010;USA;Kalifornien;Zinfandel;Rosé;;Desserts, Geflügel, Pasta, Weisses Fleisch;10,5%;;0.75 cl;
;USA44;77;ZINFANDEL CRESTVIEW PARK;5,5;;ZINFANDEL CRESTVIEW PARK;;2010;USA;Kalifornien;Zinfandel;Rotwein;;Braten, Grillfleisch, Pasta, kräftigem Käse;13,5%;;0.75 cl;
;USA45;77;CABERNET SAUVIGNON SUNSET CANYON;5,5;;CABERNET SAUVIGNON SUNSET CANYON;;2010;USA;Kalifornien;Cabernet;Rotwein;;Braten, mildem Käse, Pasta;12,5%;;0.75 cl;
;USA46;79;CHARDONNAY SUNSET CANYON;5,5;;CHARDONNAY SUNSET CANYON;;2010;USA;Kalifornien;Chardonnay;Weisswein;;Kalbfleisch, Rindfleisch, Schweinefleisch, Vorspeise & Salat;13%;;0.75 cl;
;USA47;77;MERLOT SUNSET CANYON;5,5;;MERLOT SUNSET CANYON;;2010;USA;Kalifornien;Merlot;Rotwein;;Braten, Kalbfleisch, Pasta, Rindfleisch, Schweinefleisch;12,5%;;0.75 cl;
;USA48;77;ZINFANDEL SUNSET CANYON;5,5;;ZINFANDEL SUNSET CANYON;;2009;USA;Kalifornien;Zinfandel;Rotwein;;Braten, Grillfleisch, kräftigem Käse, Pasta;13,5%;;0.75 cl;
;USA49;78;ZINFANDEL ROSÉ SUNSET CANYON;5,5;;ZINFANDEL ROSÉ SUNSET CANYON;;2011;USA;Kalifornien;Zinfandel;Rosé;;Desserts, Geflügel, Pasta;11%;;0.75 cl;
;USA50;77;ESSER MERLOT;7,5;15,5;ESSER MERLOT;;2006;USA;Kalifornien;Merlot;Rotwein;;Weisses Fleisch;13,9%;;0.75 cl;
;USA51;77;ESSER ZINFANDEL;7,5;15,5;ESSER ZINFANDEL;;2005;USA;Kalifornien;Zinfandel;Rotwein;;Geflügel, Grillfleisch, Rotes Fleisch;13%;;0.75 cl;
;USA52;77;"ZINFANDEL ROBERT MONDAVI ""TWIN OAKS""";10,5;15,8;"ZINFANDEL ROBERT MONDAVI ""TWIN OAKS""";;2005;USA;Kalifornien;Zinfandel;Rotwein;;Kalbfleisch, Wildfleisch;13,5%;ja;0.75 cl;
;CHI01;81;CABERNET SAUVIGNON RESERVA DON ENRIQUE;7,5;;CABERNET SAUVIGNON RESERVA DON ENRIQUE;;2009;Chile;Valle Central;Cabernet Sauvignon;Rotwein;;Barbeque;13,5%;;0.75 cl;
;CHI02;81;CABERNET SAUVIGNON D.O. VALLE DE COLCHAGUA;10,5;14,9;CABERNET SAUVIGNON D.O. VALLE DE COLCHAGUA;;2009;Chile;;Cabernet Sauvignon;Rotwein;;Wildfleisch;13%;ja;0.75 cl;
;CHI03;81;CABERNET SAUVIGNON LEON CAVALLO;5,5;;CABERNET SAUVIGNON LEON CAVALLO;;2010;Chile;Valle Central;Cabernet Sauvignon;Rotwein;;Braten, Grillfleisch, kräftigem Käse;13%;;0.75 cl;
;CHI04;82;CABERNET SAUVIGNON ROSÉ LEON CAVALLO;5,5;;CABERNET SAUVIGNON ROSÉ LEON CAVALLO;;2009;Chile;Valle Central;Cabernet Sauvignon;Rosé;;Aperitif, Fischgerichte, Meeresfrüchte;12,5%;;0.75 cl;
;CHI05;81;MERLOT LEON CAVALLO;5,5;;MERLOT LEON CAVALLO;;2010;Chile;Valle Central;Merlot;Rotwein;;mildem Käse, Pasta, Rotes Fleisch;14%;;0.75 cl;
;CHI06;83;SAUVIGNON BLANC LEON CAVALLO;5,5;;SAUVIGNON BLANC LEON CAVALLO;;2010;Chile;Valle Central;Sauvignon Blanc;Weisswein;;Fischgerichte, Vorspeise & Salat;13,5%;;0.75 cl;
;SA010;87;CHENIN BLANC AFRICAN SUN;5,5;;CHENIN BLANC AFRICAN SUN;;2010;Südafrika;;Chenin Blanc;Weisswein;;Fischgerichte, Weisses Fleisch;13%;;0.75 cl;
;SA011;85;PINOTAGE AFRICAN SUN;5,5;;PINOTAGE AFRICAN SUN;;2010;Südafrika;;Pinotage;Rotwein;;kräftigem Käse, Pasta, Rotes Fleisch;12,5%;;0.75 cl;
;P4040;89;ESPORAO RESERVA TINTO DOC;20,5;24,5;ESPORAO RESERVA TINTO DOC;;2009;Portugal;Alentejo;Aragonez, Cabernet Sauvignon, Trincadeira;Rotwein;;Braten, Grillfleisch, Kalbfleisch, kräftigem Käse, Rindfleisch, Rotes Fleisch, Steak;14,5%;ja;0.75 cl;
;P4041;89;ESPORAO RESERVA BRANCO DOC;15,5;17,8;ESPORAO RESERVA BRANCO DOC;;2011;Portugal;Alentejo;Ant?o Vaz, Arinto, Roupeiro;Rotwein;;Aperitif, Fischgerichte, Gemüse, Raclette, Spargel, Weisses Fleisch;14,5%;ja;0.75 cl;
;P4042;89;CABERNET SAUVIGNON & TOURIGA NACIONAL FIUZA PREMIUM;10,5;19,2;CABERNET SAUVIGNON & TOURIGA NACIONAL FIUZA PREMIUM;;2010;Portugal;Ribatejo;Cabernet Sauvignon, Touriga;Rotwein;;kräftigem Käse, Rotes Fleisch, Wildfleisch;14%;ja;0.75 cl;
;P4044;89;SYRAH CABERNET SAUVIGNON & TOURIGA NACIONAL FIUZA 3 CASTAS;5,5;11,9;SYRAH CABERNET SAUVIGNON & TOURIGA NACIONAL FIUZA 3 CASTAS;;2010;Portugal;Ribatejo;Cabernet Sauvignon, Shiraz / Syrah, Touriga;;;Fischgerichte, Käseplatte, Pasta;13%;;0.75 cl;
;P4045;91;CHARDONNAY & FERNAO PIRES FIUZA PREMIUM;10,5;18,3;CHARDONNAY & FERNAO PIRES FIUZA PREMIUM;;2010;Portugal;Ribatejo;Chardonnay, Fernao Pires;Weisswein;;Grillfleisch, Meeresfrüchte, Weisses Fleisch;13,5%;ja;0.75 cl;
;O5050;95;BRUENDY CHARDONNAY RIED HOLZWEG;5,5;7,5;BRUENDY CHARDONNAY RIED HOLZWEG;;2008;Österreich;;Chardonnay;Weisswein;;Aperitif, Fischgerichte, Gemüse, Raclette, Spargel, Vorspeise & Salat;12%;;0.75 cl;
;O5051;93;BLAUER ZWEIGELT TROCKEN;7,5;13,95;BLAUER ZWEIGELT TROCKEN;;2011;Österreich;Niederösterreich;Blauer Zweigelt;Rotwein;;Braten, kräftigem Käse, Rindfleisch, Wildfleisch;13%;;0.75 cl;
;O5052;93;BLAUER ZWEIGELT DEIBLHOF PREMIUM SELECTION;7,5;13,5;BLAUER ZWEIGELT DEIBLHOF PREMIUM SELECTION;;2011;Österreich;Kamptal;Blauer Zweigelt;Rotwein;;Braten, kräftigem Käse, Rindfleisch, Wildfleisch;13%;;0.75 cl;
;O5053;95;GRÜNER VELTLINER TROCKEN;7,5;13,45;GRÜNER VELTLINER TROCKEN;;2011;Österreich;Niederösterreich;Grüner Veltliner;Weisswein;;Fischgerichte, Schweinefleisch;12,5%;;0.75 cl;
;O5054;95;GRÜNER VELTLINER DEIBLHOF GRAND SELECTION;5,5;;GRÜNER VELTLINER DEIBLHOF GRAND SELECTION;;2011;Österreich;Kamptal;Grüner Veltliner;Weisswein;;Antipasti, Aperitif, Fischgerischte, Geflügel, Gemüsse, Spargel, Vegetarisches;12,5%;;0.75 cl;
;O5055;95;WEISSGIPFLER DEIBLHOF QUALITÄTWEIN;6,5;11,9;WEISSGIPFLER DEIBLHOF QUALITÄTWEIN;;2011;Österreich;Kamptal;Grüner Veltliner, Weissburgunder;Weisswein;;Antipasti, Aperitif, Pasta, Pizza, Risotto & Pilz;;;0.75 cl;
;O5056;93;CUVÉE RITZENTHAL GRAND BRUE;10,5;;CUVÉE RITZENTHAL GRAND BRUE;;2006;Österreich;;Rathay, Roesler;Rotwein;;Braten, Kalbfleisch, Rindfleisch, Rotes Fleisch, Wildfleisch;14,5%;ja;0.75 cl;
;A6060;97;KAIKEN MALBEC;10,5;14,9;KAIKEN MALBEC;;2010;Argentinien;Mendoza;Cabernet Sauvignon, Malbec;Rotwein;;Braten, Pasta;14,5%;ja;0.75 cl;
;AS001;72;SHIRAZ CABERNET AUSTRALIAN BUSH;5,5;;SHIRAZ CABERNET AUSTRALIAN BUSH;;2011;Australien;South Eastern Australien;Cabernet, Shiraz / Syrah;Rotwein;;Braten, kräftigem Käse, Wildfleisch;12,5%;;0.75 cl;
;AS002;71;COLOMBARD CHARDONNAY AUSTRALIAN BUSH;5,5;;COLOMBARD CHARDONNAY AUSTRALIAN BUSH;;2010;Australien;South Eastern Australien;Chardonnay, Colombard;Weisswein;;Fischgerichte, Meeresfrüchte, Weisses Fleisch;12,5%;;0.75 cl;
;AS003;72;MERLOT AUSTRALIAN BUSH;5,5;;MERLOT AUSTRALIAN BUSH;;2009;Australien;South Eastern Australien;Merlot;Rotwein;;mildem Käse, Rotes Fleisch;13%;;0.75 cl;
;AS004;70;PETIT VERDOT AUSTRALIAN BUSH ROSÉ;5,5;;PETIT VERDOT AUSTRALIAN BUSH ROSÉ;;2010;Australien;South Eastern Australien;Petit Verdot;Rosé;;Aperitif, Fischgerichte, Meeresfrüchte;13,5%;;0.75 cl;
;AS005;72;SHIRAZ AUSTRALIAN BUSH;5,5;;SHIRAZ AUSTRALIAN BUSH;;2010;Australien;South Eastern Australien;Shiraz / Syrah;Rotwein;;Braten, kräftigem Käse, Wildfleisch;13,5%;;0.75 cl;
;AS006;71;CHARDONNAY RAIMON'S HILL;5,5;;CHARDONNAY RAIMON'S HILL;;2011;Australien;South Eastern Australien;Chardonnay;Weisswein;;Aperitif, Fischgerichte;13,3%;;0.75 cl;
;AS007;72;SHIRAZ CABERNET SAUVIGNON RAIMON'S HILL;5,5;7,5;SHIRAZ CABERNET SAUVIGNON RAIMON'S HILL;;2010;Australien;South Eastern Australien;Cabernet Sauvignon, Shiraz / Syrah;Rotwein;;kräftigem Käse, Lammfleisch, Rindfleisch, Wildfleisch;13,5%;;0.75 cl;
;AS008;72;SHIRAZ CABERNET AUSTRALIAN PASSION;3;;SHIRAZ CABERNET AUSTRALIAN PASSION;;2010;Australien;South Eastern Australien;Cabernet Sauvignon, Shiraz / Syrah;Rotwein;;;;;0.25 cl;
;AS009;71;CHARDONNAY COLOMBARD AUSTRALIAN PASSION;3;;CHARDONNAY COLOMBARD AUSTRALIAN PASSION;;2010;Australien;South Eastern Australien;Chardonnay;Weisswein;;Aperitif, Fischgerichte;;;0.25 cl;
;CH1011;103;JOHANNISBERG RAISIN D'OR DOC;10,5;17,5;JOHANNISBERG RAISIN D'OR DOC;;2011;Schweiz;Valais;Silvaner;Weisswein;;Aperitif, Fischgerichte, Meeresfrüchte, Raclette, Spargel;13%;ja;0.70 cl;
;CH1012;103;FENDANT RAISIN D'OR DOC;6,5;10,7;FENDANT RAISIN D'OR DOC;;2011;Schweiz;Valais;Chasselas;Weisswein;;Aperitif, Fischgerichte, Geflügel, mildem Käse, Raclette, Vegetarisches;12%;;0.70 cl;
;CH1013;102;OEIL DE PERDRIX RAISIN D'OR DOC;7,5;13,4;OEIL DE PERDRIX RAISIN D'OR DOC;;2011;Schweiz;Valais;Pinot Noir;Rosé;;Aperitif, Fischgerichte, Geflügel, Gemüse, Meeresfrüchte, Raclette, Risotto & Pilz, Spargel;12,5%;;0.70 cl;
;CH1014;103;FÉCHY AOC RESERVE GRAND VIN;8,5;13,65;FÉCHY AOC RESERVE GRAND VIN;;2011;Schweiz;Vaudois;Chasselas;Weisswein;;Aperitif, Fischgerichte, mildem Käse, Raclette;12%;ja;0.70 cl;
;CH1015;103;MONT-SUR-ROLLE AOC RESERVE GRAND VIN;7,5;12,65;MONT-SUR-ROLLE AOC RESERVE GRAND VIN;;2011;Schweiz;Vaudois;Chasselas;Weisswein;;Grlillfleisch, mildem Käse, ;12%;;0.70 cl;
;CH1019;103;AIGLE CHABLAIS AOC COLLECTION IMAGO;12,5;16,5;AIGLE CHABLAIS AOC COLLECTION IMAGO;;2011;Schweiz;Vaudois;Chasselas;Weisswein;;Aperitif, Fischgerichte, kräftigem Käse, Meeresfrüchte, Vorspeise & Salat, Weisses Fleisch;12,40%;ja;0.70 cl;
;CH1020;103;YVORNE CHABLAIS AOC COLLECTION IMAGO;12,5;18,1;YVORNE CHABLAIS AOC COLLECTION IMAGO;;2011;Schweiz;Vaudois;Chasselas;Weisswein;;Antipasti, Fischgerichte, midem Käse;12,40%;ja;0.70 cl;
;CH1021;103;DÉZALEY LAVAUX AOC GRAND CRU;15,5;21,5;DÉZALEY LAVAUX AOC GRAND CRU;;2011;Schweiz;Vaudois;Chasselas;Weisswein;;Aperitif, Fischgerichte, kräftigem Käse;12,50%;ja;0.70 cl;
;CH1022;103;FÉCHY AOC GUY DE MALIGNY;5,5;;FÉCHY AOC GUY DE MALIGNY;;;Schweiz;Vaudois;Aragonez;Weisswein;;Aperitif, mildem Käse;12%;;0.50 cl;
;CH1023;103;AIGLE CHABLAIS AOC CAVE DE BEAUVOIR SA;7,5;;AIGLE CHABLAIS AOC CAVE DE BEAUVOIR SA;;;Schweiz;Vaudois;;Weisswein;;Aperitif, Grillfleisch;12%;;0.50 cl;
;CH1024;103;EPESSES LAVAUX AOC CAVE DE BEAUVOIR SA, VAUDOIS;6,5;;EPESSES LAVAUX AOC CAVE DE BEAUVOIR SA, VAUDOIS;;;Schweiz;Vaudois;;Weisswein;;Aperitif, Fischgerichte, Geflügel;12,3%;;0.50 cl;
;CH1025;103;YVORNE CHABLAIS AOC CAVE DE BEAUVOIR;6,5;;YVORNE CHABLAIS AOC CAVE DE BEAUVOIR;;;Schweiz;Vaudois;;Weisswein;;Antipasti, Fischgerichte, midem Käse;12,3%;;0.50 cl;
;CH1026;69;CUVÉE CLASSIQUE OSTSCHWEIZER LANDWEIN;5,5;10,5;CUVÉE CLASSIQUE OSTSCHWEIZER LANDWEIN;;;Schweiz;Ostschweiz;Blauburgunder, Dornfelder;Rotwein;;Rotes Fleisch, Wildfleisch;13%;;0.70 cl;
;CH1027;103;RIESLING-SYLVANER CLASSIQUE;4,5;7,5;RIESLING-SYLVANER CLASSIQUE;;2009;Schweiz;;Riesling, Silvaner;Weisswein;;Aperitif;12,5%;;0.70 cl;
;CH1028;103;CUVÉE BLANCHE FLAMBEAU AOC;5,5;8,5;CUVÉE BLANCHE FLAMBEAU AOC;;2009;Schweiz;Chasselas;;Weisswein;;Fischgerichte, Meeresfrüchte, mildem Käse;12,5%;;0.70 cl;
;CH1029;103;AIGLE CHABLAIS AOC LE LÉZARD ROUGE;18,5;23,5;AIGLE CHABLAIS AOC LE LÉZARD ROUGE;;2010;Schweiz;Vaudois;Pinot Noir;Weisswein;;Geflügel, Kalbfleisch, Lammfleisch, mildem Käse;13,5%;ja;0.70 cl;
;CH1030;103;AIGLE CHABLAIS AOC LES MURAILLES;15,5;21;AIGLE CHABLAIS AOC LES MURAILLES;;2011;Schweiz;Vaudois;Chasselas;Weisswein;;Aperitif, Fischgerichte, Meeresfrüchte, Vorspeise & Salat;12,5%;ja;0.70 cl;
;CH1031;103;CHABLAIS AOC BADOUX 1908 ROUGE;12,5;;CHABLAIS AOC BADOUX 1908 ROUGE;;2010;Schweiz;Vaudois;Pinot Noir;Rotwein;;Braten, Geflügel, Kalbfleisch, kräftigem Käse, mildem Käse;12,5%;ja;0.70 cl;
;CH1032;103;CHABLAIS AOC BADOUX 1908 Blanc;12,5;;CHABLAIS AOC BADOUX 1908 Blanc;;2010;Schweiz;Vaudois;Chasselas;Weisswein;;Antipasti, Fischgerichte;12,5%;ja;0.70 cl;
;CH1033;69;SALVAGNIN GRAND VINS VAUDOIS AOC MONTFALCON;12,5;;SALVAGNIN GRAND VINS VAUDOIS AOC MONTFALCON;;2009;Schweiz;Vaudois;Pinot Noir;Rotwein;;Geflügel, kräftigem Käse, mildem Käse, Rotes Fleisch, Vorspeise & Salat;12,5%;ja;0.70 cl;
;CH1034;103;HEIDA DU VALAIS AOC GRAND METRAL;12,5;18,9;HEIDA DU VALAIS AOC GRAND METRAL;;2011;Schweiz;Valais;Heida;Weisswein;;Aperitif, Fischgerichte, Käseplatte, Meeresfrüchte;13,5%;ja;0.75 cl;
;CH1035;69;HUMAGNE ROUGE DU VALAIS AOC GRAND METRAL;12,5;17,9;HUMAGNE ROUGE DU VALAIS AOC GRAND METRAL;;2010;Schweiz;Valais;Heida;Rotwein;;Aperitif, Fischgerischte, Vorspeise & Salat;14%;ja;0.75 cl;
;CH1036;103;PETIT ARVINE DU VALAIS AOC GRAND METRAL;12,5;18,9;PETIT ARVINE DU VALAIS AOC GRAND METRAL;;2011;Schweiz;Valais;Petite Arvine;Weisswein;;Fischgerichte, Käseplatte, Meeresfrüchte;14%;ja;0.75 cl;
;CH1037;103;RIESLING-SYLVANER SCHAFFHAUSER AOC MARGRITTLI;12,5;13,9;RIESLING-SYLVANER SCHAFFHAUSER AOC MARGRITTLI;;;Schweiz;Schaffhausen;Riesling, Silvaner;Weisswein;;Aperitif;12%;ja;0.70 cl;
;CH1038;103;DÉZALEY GRAND CRU L'EXCELLENTE DE LAVAUX AOC CÔTES DES ABBAYES;15,5;21,9;DÉZALEY GRAND CRU L'EXCELLENTE DE LAVAUX AOC CÔTES DES ABBAYES;;2010;Schweiz;Schweiz;Chasselas;Weisswein;;Fischgerichte, Käseplatte, Meeresfrüchte;12,5%;ja;0.75 cl;
;CH1039;103;EPESSES LAVAUX AOC LA CARNOCHETTE;10,5;14,65;EPESSES LAVAUX AOC LA CARNOCHETTE;;2011;Schweiz;Vaudois;Chasselas;Weisswein;;Aperitif, Fischgerichte, Geflügel, Raclette;12%;ja;0.70 cl;
;CH1040;103;EPESSES LAVAUX AOC LA PERLE;12,5;16,8;EPESSES LAVAUX AOC LA PERLE;;2011;Schweiz;Vaudois;Chasselas;Weisswein;;Aperitif, Fischgerichte;12%;ja;0.70 cl;
;S4040;73;FONTAL D.O. CRIANZA;7,5;13,95;FONTAL D.O. CRIANZA;;2009;Spanien;La Mancha;Cabernet Sauvignon, Tempranillo;Rotwein;;Grillfleisch, Pasta, Rissotto & Pilz, Rotes Fleisch, Wildfleisch;14,5%;;0.75 cl;
;S4041;75;CHARDONNAY OPERA PRIMA '11 D.O.;5,5;7,9;CHARDONNAY OPERA PRIMA '11 D.O.;;2011;Spanien;La Mancha;Chardonnay;Weisswein;;Aperitif, Desserts, Geflügel, Pasta, Pizza, Suppen;12%;;0.75 cl;
;S4042;76;MOSCATO PLATINO PINK;7,5;;MOSCATO PLATINO PINK;;;Spanien;Catalunya;Moscatel;Schaumwein;;Aperifit;7%;;0.75 cl;
;S4043;73;TEMPRANILLO RIOJA CRIANZA EL COTO DOC;8,5;11,5;TEMPRANILLO RIOJA CRIANZA EL COTO DOC;;2008;Spanien;Rioja;Tempranillo;Rotwein;;Fischgerichte, mildem Käse, Pasta, Risotto & Pilz;13%;ja;0.75 cl;
;S4044;73;"TINTA DE TORO PRIMA ,,91 PARKER PUNKTE""";12,5;24;"TINTA DE TORO PRIMA ,,91 PARKER PUNKTE""";;2010;Spanien;Toro;Garnacha, Tinta de Toro;Rotwein;;Barbeque, Grillfleisch, Rotes Fleisch, Wildfleisch;14,5%;ja;0.75 cl;
;S4045;73;RIOJA COTO DE IMAZ RESERVA DOC;12,5;21,6;RIOJA COTO DE IMAZ RESERVA DOC;;2004;Spanien;Rioja;Tempranillo;Rotwein;;Braten, Geflügel, Kalbfleisch, mildem Käse, Rindfleisch, Rotes Fleisch;13,5%;ja;0.75 cl;
;S4046;73;TEMPRANILLO CABERNET MIRET GRAN RESERVA D.O.;7,5;;TEMPRANILLO CABERNET MIRET GRAN RESERVA D.O.;;2005;Spanien;Catalunya;Tempranillo;Rotwein;;kräftigem Käse, Rotes Fleisch;13%;;0.75 cl;
;S4047;73;CABERNET MERLOT D.O. BARCINO RESERVA;7,5;;CABERNET MERLOT D.O. BARCINO RESERVA;;2004;Spanien;Catalunya;Cabernet, Merlot;Rotwein;;kräftigem Käse, Rotes Fleisch;13%;;0.75 cl;
;S4048;73;TEMPRANILLO D.O. BARCINO BARRICA;5,5;;TEMPRANILLO D.O. BARCINO BARRICA;;2008;Spanien;Catalunya;Tempranillo;Rotwein;;kräftigem Käse, Rotes Fleisch;13%;;0.75 cl;
;S4049;73;MERLOT TEMPRANILLO D.O. BARCINO CRIANZA;7,5;;MERLOT TEMPRANILLO D.O. BARCINO CRIANZA;;2005;Spanien;Catalunya;Merlot, Tempranillo;Rotwein;;Aperitif, mildem Käse, Pasta, Rindfleisch, Schweinefleisch;13%;;0.75 cl;
;S4050;73;TEMPRANILLO D.O. VILORIA GRAN RESERVA;7,5;;TEMPRANILLO D.O. VILORIA GRAN RESERVA;;2002;Spanien;;Tempranillo;Rotwein;;Braten, kräftigem Käse, Pasta, Vorspeise & Salat;13%;;0.75 cl;
;S4051;73;TEMPRANILLO RESERVA D.O. VILORIA;5,5;;TEMPRANILLO RESERVA D.O. VILORIA;;2003;Spanien;;Tempranillo;Rotwein;;Braten, kräftigem Käse, Pasta, Vorspeise & Salat;13%;;0.75 cl;
;S4052;73;TEMPRANILLO D.O. VENTA REAL GRAN RESERVA;7,5;;TEMPRANILLO D.O. VENTA REAL GRAN RESERVA;;2004;Spanien;Valdepen?s;Tempranillo;Rotwein;;Barbeque, Grillfleisch, Vorspeise & Salat;13%;;0.75 cl;
;S4053;73;TEMPRANILLO CABERNET SAUVIGNON D.O. CONDE BASTIANO GRAN RESERVA;7,5;;TEMPRANILLO CABERNET SAUVIGNON D.O. CONDE BASTIANO GRAN RESERVA;;2002;Spanien;La Mancha;Cabernet Sauvignon, Tempranillo;Rotwein;;Geflügel, Grillfleisch, kräftigem Käse, Pizza, Rotes Fleisch;13%;;0.75 cl;
;S4054;73;TEMPRANILLO VALDEPENAS D.O. MARQUÉS DE CAMPOBLANCO GRAND RESERVA;7,5;;TEMPRANILLO VALDEPENAS D.O. MARQUÉS DE CAMPOBLANCO GRAND RESERVA;;2004;Spanien;Valdepen?s;Tempranillo;Rotwein;;Braten, Steak, Wildfleisch;13%;;0.75 cl;
;S4055;73;TEMPRANILLO D.O. CASTILLO DE LA CRUZ GRAN RESERVA;7,5;;TEMPRANILLO D.O. CASTILLO DE LA CRUZ GRAN RESERVA;;2003;Spanien;Valdepen?s;Tempranillo;Rotwein;;Barbeque, Braten, Grillfleisch, Rotes Fleisch;13%;;0.75 cl;
;S4056;73;TEMPRANILLO D.O. FINCA LA CRUZ;7,5;;TEMPRANILLO D.O. FINCA LA CRUZ;;2003;Spanien;Valdepen?s;Tempranillo;Rotwein;;Aperifit, Braten, Grillfleisch;13%;;0.75 cl;
;S4057;73;TEMPRANILLO D.O. DON DANIEL GRAN RESERVA;7,5;;TEMPRANILLO D.O. DON DANIEL GRAN RESERVA;;2004;Spanien;Valdepen?s;Tempranillo;Rotwein;;Braten, Steak, Wildfleisch;13%;;0.75 cl;
;S4058;73;RIOJA D.O.Ca. RESERVA ANTIGUA ULSANZA;10,5;15,5;RIOJA D.O.Ca. RESERVA ANTIGUA ULSANZA;;2001;Spanien;Rioja;Tempranillo;Rotwein;;Aperitif, Fischgerichte;13%;ja;0.75 cl;
;S4059;73;RIOJA D.O.Ca. RESERVA FAUSTINO RIVERO ULECIA;12,5;15,5;RIOJA D.O.Ca. RESERVA FAUSTINO RIVERO ULECIA;;2006;Spanien;Rioja;Tempranillo;Rotwein;;Braten, Wildfleisch;13%;ja;0.75 cl;
;S4060;73;TEMPRANILLO RIOJA CRIANZA EL COTO DOC MAGNUM;15,5;23,5;TEMPRANILLO RIOJA CRIANZA EL COTO DOC MAGNUM;;2008;Spanien;Rioja;Tempranillo;Rotwein;;Fischgerichte, mildem Käse, Pasta, Risotto & Pilz;13%;ja;0.75 cl;
;S4061;73;TINTA DE TORO CRIANZA D.O. CAMPARRON;10,5;12,5;TINTA DE TORO CRIANZA D.O. CAMPARRON;;2007;Spanien;Toro;Tempranillo;Rotwein;;Aperitif, Ridndfleisch;13,5%;ja;0.75 cl;
;S4062;73;RIOJA D.O.Ca. LACRIMUS CRIANZA COSECHA;12,5;15,5;RIOJA D.O.Ca. LACRIMUS CRIANZA COSECHA;;2008;Spanien;Rioja;Tempranillo;Rotwein;;kräftigem Käse, Rotes Fleisch, Steak, Wildfleisch;13,5%;ja;0.75 cl;
;S4063;73;RIBERA DEL DUERO MIROS CRIANZA;12,5;24,7;RIBERA DEL DUERO MIROS CRIANZA;;2007;Spanien;Ribera del Duero;Tempranillo;Rotwein;;Antipasti, kräftigem Käse, Lammfleisch;14,5%;ja;0.75 cl;
;S4064;73;TEMPRANILLO RESERVA DOC BARON DE LEY;12,5;19,5;TEMPRANILLO RESERVA DOC BARON DE LEY;;2007;Spanien;Rioja;Tempranillo;Rotwein;;Braten, Pasta, Wildfleisch;13,5%;ja;0.75 cl;
;S4065;73;TEMPRANILLO D.O. MONASTERIO DE TENTUDIA;5,5;7,5;TEMPRANILLO D.O. MONASTERIO DE TENTUDIA;;2006;Spanien;La Tierra;Tempranillo;Rotwein;;Fischgerichte, Rindfleisch, Wildfleisch;13,5%;;0.75 cl;
;S4066;73;PRIORAT D.O. SOLMARE?O;5,5;7,5;PRIORAT D.O. SOLMARE?O;;2006;Spanien;Rioja;Tempranillo;Rotwein;;Braten, Grillfleisch, Kalbfleisch, kräftigem Käse, Rotes Fleisch;14,5%;;0.75 cl;
;S4067;73;TEMPRANILLO D.O. DON DANIEL RESERVA;5,5;11,9;TEMPRANILLO D.O. DON DANIEL RESERVA;;2006;Spanien;Valdepen?s;Tempranillo;Rotwein;;Barbeque, Braten, Steak;12,5%;;0.75 cl;
;S4068;73;RIOJA D.O.Ca. LACRIMUS;7,5;12,5;RIOJA D.O.Ca. LACRIMUS;;2011;Spanien;Rioja;Tempranillo;Rotwein;;Barbeque;13,5%;;0.75 cl;
;S4069;73;RIOJA D.O.Ca. TEMPRANILLO RESERVA VINESTRAL;10,5;14,9;RIOJA D.O.Ca. TEMPRANILLO RESERVA VINESTRAL;;2005;Spanien;Rioja;Tempranillo;Rotwein;;Barbeque, Braten;12%;ja;0.75 cl;
;S4070;73;RIOJA D.O.Ca. TEMPRANILLO RESERVA FINCA ROJA;10,5;;RIOJA D.O.Ca. TEMPRANILLO RESERVA FINCA ROJA;;2005;Spanien;Rioja;Tempranillo;Rotwein;;Barbeque, Braten;12%;ja;0.75 cl;
;S4071;73;RIOJA D.O.Ca. TEMPRANILLO FINCA ROJA;7,5;12,5;RIOJA D.O.Ca. TEMPRANILLO FINCA ROJA;;2005;Spanien;Rioja;Tempranillo;Rotwein;;Antipasti, Barbeque, Braten;12%;;0.75 cl;
;S4072;73;TEMPRANILLO JUMILLA D.O. VINA PINILLA;5,5;;TEMPRANILLO JUMILLA D.O. VINA PINILLA;;2009;Spanien;Jumilla;Tempranillo;Rotwein;;Antipasti, Geflügel, Kalbfleisch, kräftigem Käse, Pasta, Pizza;12,5%;;0.75 cl;
;S4073;73;TEMPRANILLO RIOJA D.O.Ca. CRIANZA MARQUÉS DE C?CERES;12,5;15,8;TEMPRANILLO RIOJA D.O.Ca. CRIANZA MARQUÉS DE C?CERES;;2007;Spanien;Rioja;Tempranillo;Rotwein;;Antipasti, Braten, Lammfleisch, Rindfleisch;14%;ja;0.75 cl;
;S4074;73;JASPI MARAGDA D.O. MONTSANT;15,5;19,8;JASPI MARAGDA D.O. MONTSANT;;2009;Spanien;Catalunya;Cabernet Sauvignon, Carignan, Garnacha, Shiraz / Syrah;Rotwein;;Grillfleisch, Kalbfleisch, Käseplatte, Rindfleisch, Rotes Fleisch, Steak;14,5%;ja;0.75 cl;
;S4075;75;VERDEJO Y SAUVIGNON BLANC AURUM D.O. YUNTERO;5,5;7,5;VERDEJO Y SAUVIGNON BLANC AURUM D.O. YUNTERO;;2010;Spanien;La Mancha;Sauvignon Blanc, Verdejo;Weisswein;;Fischgerichte;12,5%;;0.75 cl;
;S4076;73;MONTSANT HEREDAD CENTUM D.O.;10,5;15,5;MONTSANT HEREDAD CENTUM D.O.;;2004;Spanien;Catalunya;;Rotwein;;;;ja;0.75 cl;
;S4077;74;GARNACHA ROSADO NAVARRA D.O. CASTILUZAR;5,5;;GARNACHA ROSADO NAVARRA D.O. CASTILUZAR;;2010;Spanien;Navarra;Garnacha;Rosé;;;;;0.75 cl;
;S4078;73;RIBERA DEL DUERO D.O. ARROCAL;12,5;18,5;RIBERA DEL DUERO D.O. ARROCAL;;2009;Spanien;Ribera del Duero;Tempranillo;Rotwein;;;13,5%;ja;0.75 cl;
;S4079;73;RIBERA DEL DUERO D.O. ACAPPELA CRIANZA;12,5;17,8;RIBERA DEL DUERO D.O. ACAPPELA CRIANZA;;2007;Spanien;Ribera del Duero;Tempranillo;Rotwein;;Grillfleisch;14%;ja;0.75 cl;
;S4080;73;RIBERA DEL DUERO D.O. ACAPPELA ROBLE;10,5;15,9;RIBERA DEL DUERO D.O. ACAPPELA ROBLE;;2008;Spanien;Ribera del Duero;Tempranillo;Rotwein;;Grillfleisch, Rindfleisch;13,5%;ja;0.75 cl;
;S4081;73;MIROS RIBERA DEL DUERO RESERVA D.O.;25,5;35,1;MIROS RIBERA DEL DUERO RESERVA D.O.;;2006;Spanien;Ribera del Duero;Tempranillo;Rotwein;;Grillfleisch, Rotes Fleisch;13,5%;ja;0.75 cl;
;S4082;73;TEMPRANILLO CATALUNYA D.O. MIRET;5,5;9,9;TEMPRANILLO CATALUNYA D.O. MIRET;;2010;Spanien;Catalunya;Tempranillo;Rotwein;;;13%;;0.75 cl;
;S4083;73;RIOJA D.O.Ca. RESERVA FAUSTINO RIVERO ULECIA TINTO;5,5;;RIOJA D.O.Ca. RESERVA FAUSTINO RIVERO ULECIA TINTO;;2008;Spanien;Rioja;Garnacha, Tempranillo;Rotwein;;Braten, Pasta, Rotes Fleisch, Wildfleisch;13%;;0.75 cl;
;S4084;73;RIBERA DEL DUERO D.O. ENTRECASTILLOS;10,5;18,9;RIBERA DEL DUERO D.O. ENTRECASTILLOS;;2007;Spanien;Ribera del Duero;Tempranillo;Rotwein;;Antipasti, kräftigem Käse, Lammfleisch;14,5%;ja;0.75 cl;
;S4085;73;RIOJA D.O.Ca. RESERVA FAUSTINO RIVERO ULECIA CRIANZA;7,5;;RIOJA D.O.Ca. RESERVA FAUSTINO RIVERO ULECIA CRIANZA;;2006;Spanien;Rioja;Garnacha, Tempranillo;Rotwein;;Pasta, Pizza;13%;;0.75 cl;
;S4086;73;SOLAR DE SAEL BIERZO D.O.;10,5;;SOLAR DE SAEL BIERZO D.O.;;2005;Spanien;;Mencia;Rotwein;;Weisses Fleisch;14%;ja;0.75 cl;
;S4087;73;TINTA DE TORO D.O. LIBERALIA CUATRO;15,5;18,9;TINTA DE TORO D.O. LIBERALIA CUATRO;;2006;Spanien;;Tinta de Toro;Rotwein;;kräftigem Käse, Rotes Fleisch;13,6%;ja;0.75 cl;
;S4088;73;TINTA DE TORO D.O. LIBERALIA CERO;15,5;;TINTA DE TORO D.O. LIBERALIA CERO;;2010;Spanien;Toro;Tinta de Toro;Rotwein;;;14%;ja;0.75 cl;
;S4089;73;"TINTA DE TORO PRIMA ""MAGNUM""";30,5;39;"TINTA DE TORO PRIMA ""MAGNUM""";;2009;Spanien;Toro;Tinta de Toro;Rotwein;;Barbeque, Grillfleisch, Rotes Fleisch, Wildfleisch;14%;ja;1.50 l;
;S4090;73;TINTA DE TORO D.O. LIBERALIA CINCO;32,5;49;TINTA DE TORO D.O. LIBERALIA CINCO;;2005;Spanien;;Tinta de Toro;Rotwein;;Braten, kräftigem Käse, Rindfleisch, Rotes Fleisch, Schweinefleisch, Steak;15%;ja;0.75 cl;
;S4091;73;TEMPRANILLO UCLÉS D.O. MESTA FONTANA;5,5;7,9;TEMPRANILLO UCLÉS D.O. MESTA FONTANA;;2011;Spanien;;Tempranillo;Rotwein;;Braten, Grillfleisch, Kalbfleisch, kräftigem Käse, Rotes Fleisch;14%;;0.75 cl;
;S4092;73;TEMPRANILLO UCLÉS D.O. ESENCIA DE FONTANA;12,5;22,6;TEMPRANILLO UCLÉS D.O. ESENCIA DE FONTANA;;2010;Spanien;;Tempranillo;Rotwein;;;14%;ja;0.75 cl;
;S4093;73;TEMPRANILLO UCLÉS D.O. SELECTION MESTA;10,5;14,95;TEMPRANILLO UCLÉS D.O. SELECTION MESTA;;2010;Spanien;;Tempranillo;Rotwein;;Grillfleisch, Lammfleisch, Pasta;14%;ja;0.75 cl;
;S4094;73;RIBERA DEL DUERO D.O. MIROS TINTO ROBLE;7,5;14,2;RIBERA DEL DUERO D.O. MIROS TINTO ROBLE;;2009;Spanien;Ribera del Duero;Cabernet Sauvignon, Merlot, Tempranillo;Rotwein;;Grillfleisch, Pasta, Rotes Fleisch;14%;;0.75 cl;
;S4095;73;HABLA DEL SILENCIO VINO DE LA TIERRA EXTREMADURA;15,5;20;HABLA DEL SILENCIO VINO DE LA TIERRA EXTREMADURA;;2010;Spanien;;Cabernet Sauvignon, Shiraz / Syrah, Tempranillo;Rotwein;;kräftigem Käse, Pasta, Rotes Fleisch, Wildfleisch;14,5%;ja;0.75 cl;
;S4096;73;TEMPRANILLO RIOJA CRIANZA EL COTO DOC;6,5;11,5;TEMPRANILLO RIOJA CRIANZA EL COTO DOC;;2007;Spanien;Rioja;Tempranillo;Rotwein;;Fischgerichte, mildem Käse, Pasta, Risotto & Pilz;13%;;0.50 cl;
;S4097;74;YUNTERO TEMPRANILLO JUNGER ROSÉ;5,5;8,25;YUNTERO TEMPRANILLO JUNGER ROSÉ;;2011;Spanien;La Mancha;Tempranillo;Rosé;;Pasta, Reis, Risotto & Pilz;12,5%;;0.75 cl;
;S4098;76;CAVA BARCINO SECO;7,5;;CAVA BARCINO SECO;;;Spanien;Catalunya;Cava;Schaumwein;;Aperitif;11,5%;;0.75 cl;
;S4099;76;CAVA BARCINO SECO;7,5;;CAVA BARCINO SECO;;;Spanien;Catalunya;Cava;Schaumwein;;Aperitif;11,5%;;0.75 cl;
;S4100;76;CAVA CRISTALINO BRUT;7,5;;CAVA CRISTALINO BRUT;;;Spanien;Catalunya;Cava;Schaumwein;;Aperitif;11,5%;;0.75 cl;
;S4101;76;CAVA CRISTALINO SEMI SECO;7,5;;CAVA CRISTALINO SEMI SECO;;;Spanien;Catalunya;Cava;Schaumwein;;Aperitif;11,5%;;0.75 cl;
;S4102;76;CAVA MIRET BRUT RESERVA;7,5;;CAVA MIRET BRUT RESERVA;;;Spanien;Catalunya;Cava;Schaumwein;;Aperitif;11,5%;;0.75 cl;
;S4103;76;CAVA CRISTALINO ROSÉ BRUT;7,5;12,5;CAVA CRISTALINO ROSÉ BRUT;;;Spanien;Catalunya;Cava;Schaumwein;;Aperitif, Desserts;11,5%;;0.75 cl;
;S4104;76;CAVA BARCINO BRUT;7,5;;CAVA BARCINO BRUT;;;Spanien;Catalunya;Cava;Schaumwein;;Aperitif;11,5%;;0.75 cl;
;S4105;76;CAVA MIRET SEMI SECO RESERVA;7,5;;CAVA MIRET SEMI SECO RESERVA;;;Spanien;Catalunya;Cava;Schaumwein;;Aperitif;11,5%;;0.75 cl;
;IT1001;105;PRIMITIVO DI MANDURIA DOP SANGAETANO CANTINE DUE PALME;12,5;18,6;PRIMITIVO DI MANDURIA DOP SANGAETANO CANTINE DUE PALME;;2011;Italien;Apulien;Primitivo di Manduria;Rotwein;;Braten, Kalbfleisch, kräftigem Käse, Rindfleisch, Rotes Fleisch, Steak, Wildfleisch;13,5%;ja;0.75 cl;
;IT1002;105;SALICE SALENTINO DOP MONTECOCO CANTINE DUE PALME - GAMBERO ROSSO : 2 GLÄSER;10,5;18,5;SALICE SALENTINO DOP MONTECOCO CANTINE DUE PALME - GAMBERO ROSSO : 2 GLÄSER;;2010;Italien;Apulien;Malvasia, Negroamaro;Rotwein;;Braten, Klabfleisch, Rindfleisch, Rotes Fleisch, Steak;12,5%;ja;0.75 cl;
;IT1003;105;SALICE SALENTINO RISERVA DOP SELVAROSSA CANTINE DUE PALME - GAMBERO ROSSO : 3 GLÄSER;20,5;25,9;SALICE SALENTINO RISERVA DOP SELVAROSSA CANTINE DUE PALME - GAMBERO ROSSO : 3 GLÄSER;;2008;Italien;Apulien;Malvasia, Negroamaro;Rotwein;;Braten, Kalbfleisch, Rindfleisch, Rotes Fleisch, Wildfleisch;14%;ja;0.75 cl;
;IT1004;105;PRIMITIVO SALENTO IGP ETTAMIANO CANTINE DUE PALME;15,5;19,9;PRIMITIVO SALENTO IGP ETTAMIANO CANTINE DUE PALME;;2009;Italien;Apulien;Primitivo;Rotwein;;Braten, Kalbfleisch, Rindfleisch, Rotes Fleisch, Wildfleisch;13,5%;ja;0.75 cl;
;IT1005;105;SUSUMANIELLO SALENTO IGP SERRE CANTINE DUE PALME - GAMBERO ROSSO : 2 GLÄSER;15,5;19,2;SUSUMANIELLO SALENTO IGP SERRE CANTINE DUE PALME - GAMBERO ROSSO : 2 GLÄSER;;2010;Italien;Apulien;;Rotwein;;Braten, Kalbfleisch, Rindfleisch, Rotes Fleisch, Wildfleisch;13,5%;ja;0.75 cl;
;IT1006;108;PROSECCO IL SPRIZ;8,5;12,9;PROSECCO IL SPRIZ;;;Italien;Venetien;Prosecco;Schaumwein;;Aperitif;8%;ja;0.75 cl;
;IT1007;105;PRIMITIVO TARANTINO IGT DOPPIO PASSO;5,5;9,9;PRIMITIVO TARANTINO IGT DOPPIO PASSO;;2010;Italien;Apulien;Primitivo;Rotwein;;Braten, Grillfleisch, kräftigem Käse, Pasta, Risotto & Pilz, Suppen, Vegetarisches;13%;;0.75 cl;
;IT1008;105;PRIMITIVO DI MANDURIA DOC SINCE 1974;18,5;30,85;PRIMITIVO DI MANDURIA DOC SINCE 1974;;2009;Italien;Apulien;Primitivo di Manduria;Rotwein;;Braten, Kalbfleisch, Lammfleisch, Risotto & Pilz, Rotes Fleisch;14,5%;ja;0.75 cl;
;IT1009;105;PRIMITIVO SALENTO IGT ULTIMO PASSO;7,5;11,95;PRIMITIVO SALENTO IGT ULTIMO PASSO;;2011;Italien;Apulien;Primitivo, Salento;Rotwein;;Pasta, Pizza, Risotto & Pilz, Rotes Fleisch;13;;0.75 cl;
;IT1010;105;MERLOT CABERNET SAUVIGNON DONNAFUGATA ANGHELI ROSSO SICILIA;20,5;24,5;MERLOT CABERNET SAUVIGNON DONNAFUGATA ANGHELI ROSSO SICILIA;;2008;Italien;Sizilien;Cabernet Sauvignon, Merlot;Rotwein;;Braten, Grillfleisch, kräftigem Käse, Wildfleisch;13%;ja;0.75 cl;
;IT1011;105;NERO D'AVOLA DONNAFUGATA SHERAZADE SICILIA;12,5;15,8;NERO D'AVOLA DONNAFUGATA SHERAZADE SICILIA;;2010;Italien;Sizilien;Cabernet Sauvignon, Merlot;Rotwein;;Braten, Grillfleisch, kräftigem Käse, Wildfleisch;13%;ja;0.75 cl;
;IT1012;107;MERLOT BIANCO VENETO IGT SENTINA;5,5;10,5;MERLOT BIANCO VENETO IGT SENTINA;;2011;Italien;Venetien;Merlot;Weisswein;;Antipasti, Aperitif, Desserts, Fischgerichte, Geflügel, Grillfleisch, Pasta, Reis, Weisses Fleisch;12%;;0.75 cl;
;IT1013;107;ZIBIBBO DONNAFUGATA LIGHEA BIANCO SICILIA;15,5;19,5;ZIBIBBO DONNAFUGATA LIGHEA BIANCO SICILIA;;2011;Italien;Sizilien;Zibibbo;Weisswein;;Aperitif, Fischgerichte, Gemüse, Pasta;12,5%;ja;0.75 cl;
;IT1014;107;CATARRATTO ANSONICA DONNAFUGATA ANTHILIA BIANCO SICILIA;10,5;13,4;CATARRATTO ANSONICA DONNAFUGATA ANTHILIA BIANCO SICILIA;;2011;Italien;Sizilien;Ansonica, Catarratto;Weisswein;;Fischgerichte, Gemüse, Pasta;12,5%;ja;0.75 cl;
;IT1015;108;9.5 COLDWINE BRUT ASTORIA;10,5;;9.5 COLDWINE BRUT ASTORIA;;;Italien;Venetien;Chardonnay, Prosecco;Schaumwein;;Aperitif;9,5%;ja;0.75 cl;
;IT1016;108;PROSECCO DI VALDOBBIADENE EXTRA DRY MILLESIMATO;12,2;15,5;PROSECCO DI VALDOBBIADENE EXTRA DRY MILLESIMATO;;;Italien;Valdobbiadene;Prosecco;Schaumwein;;Aperitif;11,5%;ja;0.75 cl;
;IT1017;108;PROSECCO DI VALDOBBIADENE SUPERIORE DOCG MILLESIMATO BRUT;15,5;22,6;PROSECCO DI VALDOBBIADENE SUPERIORE DOCG MILLESIMATO BRUT;;;Italien;Venetien;Prosecco;Schaumwein;;Aperitif;10,5%;ja;0.75 cl;
;IT1018;108;VINO SPUMANTE EXTRA DRY MOTIVO ROSE BORGO MOLINO;12,5;17,95;VINO SPUMANTE EXTRA DRY MOTIVO ROSE BORGO MOLINO;;;Italien;Venetien;Glera, Pinot Noir, Raboso;Schaumwein;;Aperitif;11%;ja;0.75 cl;
;IT1020;108;"VINO SPUMANTE CUVÉE ""THIS"" EXTRA DRY BORGO MOLINO";10,5;13,6;"VINO SPUMANTE CUVÉE ""THIS"" EXTRA DRY BORGO MOLINO";;;Italien;Venetien;Glera;Schaumwein;;Aperitif, Fischgerichte;11,5%;ja ;0.75 cl;
;IT1021;108;PROSECCO VALDOBBIADENE MILLESIMATO 09 DRY DOCG BORGO MOLINO;15,5;22,6;PROSECCO VALDOBBIADENE MILLESIMATO 09 DRY DOCG BORGO MOLINO;;2011;Italien;Venetien;Glera;Schaumwein;;Aperitif;11,5%;ja;0.75 cl;
;IT1022;108;VINO SPUMANTE MOSCATO BORGO MOLINO;10,5;14,9;VINO SPUMANTE MOSCATO BORGO MOLINO;;;Italien;Venetien;Moscato Bianco;Schaumwein;;Aperitif, Desserts;8,5%;ja;0.75 cl;
;IT1023;108;VINO SPUMANTE MILLESIMATO EXTRA DRY BORGO MOLINO;12,5;17,95;VINO SPUMANTE MILLESIMATO EXTRA DRY BORGO MOLINO;;;Italien;Venetien;Glera;Schaumwein;;Aperitif, Desserts;11%;ja;0.75 cl;
;IT1023;108;PROSECCO VALDOBBIADENE MILLESIMATO 09 BRUT DOCG BORGO MOLINO;12,5;18,9;PROSECCO VALDOBBIADENE MILLESIMATO 09 BRUT DOCG BORGO MOLINO;;2011;Italien;Venetien;Glera;Schaumwein;;Aperitif, Fischgerichte;11,5%;ja;0.75 cl;
;IT1024;108;PROSECCO VALDOBBIADENE SUPERIORE DOCG MILLESIMATO EXTRA DRY BORGO MOLINO;15,5;22,6;PROSECCO VALDOBBIADENE SUPERIORE DOCG MILLESIMATO EXTRA DRY BORGO MOLINO;;;Italien;Venetien;Glera;Schaumwein;;Aperitif, Desserts, Fischgerichte;11,5%;ja;0.75 cl;
;IT1025;108;9.5 COLDWINE Rosé ASTORIA;10,5;;9.5 COLDWINE Rosé ASTORIA;;;Italien;Venetien;Chardonnay, Prosecco;Schaumwein;;Aperitif;9,5%;ja;0.75 cl;
;IT1026;105;AGLIANICO BENEVENTANO IGT CALDIROLA;5,5;;AGLIANICO BENEVENTANO IGT CALDIROLA;;;Italien;Kampagnien;Aglianico;Rotwein;;kräftigem Käse, mildem Käse, rotes Fleisch, Suppen;12,5%;;0.75 cl;
;IT1027;107;BIANCO SALENTO COLOMBELLA IGT Lieblich;5,5;;BIANCO SALENTO COLOMBELLA IGT Lieblich;;2010;Italien;Apulien;Trebbiano;Weisswein;;Antipasti, Aperitif, kräftigem Käse;13%;;0.75 cl;
;IT1028;105;ROSSO SALENTO COLOMBELLA IGT Lieblich;5,5;;ROSSO SALENTO COLOMBELLA IGT Lieblich;;2011;Italien;Apulien;Montepulciano, Uva di Troia;Rotwein;;kräftigem Käse, Rotes Fleisch, Vorspeise & Salat;13%;;0.75 cl;
;IT1029;106;ROSATO SALENTO COLOMBELLA IGT Lieblich;5,5;;ROSATO SALENTO COLOMBELLA IGT Lieblich;;2011;Italien;Apulien;Montepulciano, Sangiovese;Rosé;;kräftigem Käse, Vorspeise & Salat;13%;;0.75 cl;
;IT1030;105;PRIMITIVO DI MANDURIA DOC CONTE DI LUCCA;7,5;;PRIMITIVO DI MANDURIA DOC CONTE DI LUCCA;;2010;Italien;Apulien;Primitivo;Rotwein;;Barbeque, kräftigem Käse, Wildfleisch;14%;;0.75 cl;
;IT1031;105;NERO D´AVOLA SICILIA IGT SAN COLOMBANO;7,5;;NERO D´AVOLA SICILIA IGT SAN COLOMBANO;;2009;Italien;Sizilien;Nero d'Avola;Rotwein;;Kalbfleisch, Risotto & Pilz, Steak;14%;;0.75 cl;
;IT1041;107;INZOLIA SICILIA IGT SAN COLOMBANO;5,5;;INZOLIA SICILIA IGT SAN COLOMBANO;;2010;Italien;Sizilien;Inzolia;Weisswein;;Meeresfrüchte, Vorspeise & Salat;12,5%;;0.75 cl;
;IT1042;105;NERO D‘AVOLA MERLOT IGT DUCA MATTEO PRIMO;5,5;;NERO D‘AVOLA MERLOT IGT DUCA MATTEO PRIMO;;2011;Italien;Sizilien;Merlot, Nero d'Avola;Rotwein;;kräftigem Käse, Pasta, Rotes Fleisch;14,5%;;0.75 cl;
;IT1043;107;CATARRATO CHARDONNAY IGT DUCA MATTEO PRIMO;5,5;;CATARRATO CHARDONNAY IGT DUCA MATTEO PRIMO;;2009;Italien;Sizilien;Catarratto, Chardonnay;Weisswein;;Aperitif, Fischgerichte, Vorspeise & Salat;13%;;0.75 cl;
;IT1044;105;MERLOT IGT VILLA MARIN;7,5;;MERLOT IGT VILLA MARIN;;2007;Italien;Venetien;Merlot;Rotwein;;Grillfleisch, Rotes Fleisch, Wildfleisch;12,5%;;0.75 cl;
;IT1045;107;CHARDONNAY VENETO IGT VILLA MARIN;7,5;;CHARDONNAY VENETO IGT VILLA MARIN;;2011;Italien;Venetien;Chardonnay;Weisswein;;Aperitif, Fischgerichte, Reis;;;0.75 cl;
;IT1046;107;CHARDONNAY VENETO IGT VILLA MARIN;7,5;;CHARDONNAY VENETO IGT VILLA MARIN;;2011;Italien;Venetien;Chardonnay;Weisswein;;Aperitif, Fischgerichte, Reis;;;0.75 cl;
;IT1047;107;PINOT GRIGIO IGT VILLA MARIN;7,5;;PINOT GRIGIO IGT VILLA MARIN;;2011;Italien;Venetien;Pinot Grigio;Weisswein;;Aperitif, Suppen, Weisses Fleisch;12%;;0.75 cl;
;IT1048;105;MONTEPULCIANO D‘ABRUZZO DOC MONTECELLI;5,5;;MONTEPULCIANO D‘ABRUZZO DOC MONTECELLI;;2009;Italien;Abruzzen;Montepulciano;Rotwein;;Braten, Grillfleisch, Kalbfleisch, Lammfleisch, Pasta, Rindfleisch, Vorspeise & Salat, Weisses Fleisch, Wildfleisch;13%;;0.75 cl;
;IT1049;105;SANGIOVESE RUBICONE IGT MONTECELLI;5,5;;SANGIOVESE RUBICONE IGT MONTECELLI;;2009;Italien;Emilia Romagna;Sangiovese;Rotwein;;mildem Käse, Pasta, Rotes Fleisch;13%;;0.75 cl;
;IT1050;107;MALVASIA BIANCA IGT FEUDO CUREZZA DUNE;7,5;;MALVASIA BIANCA IGT FEUDO CUREZZA DUNE;;2010;Italien;Apulien;Malvasia Bianca;Weisswein;;Fischgerichte, Meeresfrüchte, Vegetarisches, Vorspeise & Salat;13%;;0.75 cl;
;IT1051;105;SALICE SALENTINO DOC FEUDO CUREZZA DUNE;7,5;;SALICE SALENTINO DOC FEUDO CUREZZA DUNE;;2008;Italien;Apulien;Negroamaro;Rotwein;;Braten, Grillfleisch, Lammfleisch, Rindfleisch;13,5%;;0.75 cl;
;IT1052;105;BARBERA D‘ALBA „LA MOROSA“ DOC PIER PAOLO GRASSO;10,5;;BARBERA D‘ALBA „LA MOROSA“ DOC PIER PAOLO GRASSO;;2008;Italien;Piemont;Barbera;Rotwein;;Kalbfleisch, kräftigem Käse, Rindfleisch, Rotes Fleisch;13%;ja;0.75 cl;
;IT1053;105;PRIMITIVO DI MANDURIA DOC FEUDO CUREZZA DUNE;10,5;;PRIMITIVO DI MANDURIA DOC FEUDO CUREZZA DUNE;;2008;Italien;Apulien;Primitivo di Manduria;Rotwein;;;14%;ja;0.75 cl;
;IT1054;105;BAROLO „BARBIS“ DOCG PIER PAOLO GRASSO;20,5;25,5;BAROLO „BARBIS“ DOCG PIER PAOLO GRASSO;;2006;Italien;Piemont;Barolo, Nebbiolo;Rotwein;;Lammfleisch, Vorspeise & Salat, Wildfleisch;14%;ja;0.75 cl;
;IT1055;105;BARBARESCO „RIO VILA“ DOCG PIER PAOLO GRASSO;12,5;;BARBARESCO „RIO VILA“ DOCG PIER PAOLO GRASSO;;2007;Italien;Piemont;Nebbiolo;Rotwein;;Geflügel, Grillfleisch, kräftigem Käse, Rotes Fleisch;13,5%;ja;0.75 cl;
;IT1056;105;BARBERA D‘ALBA SUPERIORE „PAJUN“ DOC PIER PAOLO GRASSO;12,5;;BARBERA D‘ALBA SUPERIORE „PAJUN“ DOC PIER PAOLO GRASSO;;2007;Italien;Piemont;Barbera;Rotwein;;Braten, Grillfleisch, kräftigem Käse, Rotes Fleisch, Steak;14%;ja;0.75 cl;
;IT1057;105;LANGHE NEBBIOLO „RIVA“ DOC PIER PAOLO GRASSO;10,5;;LANGHE NEBBIOLO „RIVA“ DOC PIER PAOLO GRASSO;;2007;Italien;Piemont;Nebbiolo;Rotwein;;Kalbfleisch, mildem Käse, Rindfleisch;13%;ja;0.75 cl;
;IT1058;105;LANGHE ROSSO „ASNAS“ DOC PIER PAOLO GRASSO;10,5;;LANGHE ROSSO „ASNAS“ DOC PIER PAOLO GRASSO;;2008;Italien;Piemont;Barbera, Nebbiolo, Petit Verdot;Rotwein;;;13,5%;ja;0.75 cl;
;IT1059;105;BARBARESCO RISERVA „RIO SORDO“ DOCG PIER PAOLO GRASSO;18,5;24,5;BARBARESCO RISERVA „RIO SORDO“ DOCG PIER PAOLO GRASSO;;2006;Italien;Piemont;Nebbiolo;Rotwein;;Kalbfleisch, kräftigem Käse, Rindfleisch, Steak;14%;ja;0.75 cl;
;IT1060;107;LANGHE ARNEIS „MOROSO“ DOC, PIER PAOLO GRASSO;10,5;;LANGHE ARNEIS „MOROSO“ DOC, PIER PAOLO GRASSO;;2010;Italien;Piemont;Arneis;Weisswein;;Aperitif, Fischgerichte, Geflügel, Vegetarisches, Vorspeise & Salat, Weisses Fleisch;13%;ja;0.75 cl;
;IT1061;105;VALPOLICELLA SUPERIORE RIPASSO DOC I TERRIERI;15,5;;VALPOLICELLA SUPERIORE RIPASSO DOC I TERRIERI;;2007;Italien;Venetien;Corvina, Molinara, Rondinella, Valpolicella;Rotwein;;Risotto & Pilz, Steak, Wildfleisch;14%;ja;0.75 cl;
;IT1062;105;MERLOT DELLE VENEZIE IGT I TERRIERI;12,5;;MERLOT DELLE VENEZIE IGT I TERRIERI;;2009;Italien;Venetien;Cabernet Frac, Merlot;Rotwein;;Pasta, Pizza, Risotto & Pilz, Rotes Fleisch;14%;ja;0.75 cl;
;IT1063;105;CORVINA VERONESE IGT I TERRIERI;12,5;;CORVINA VERONESE IGT I TERRIERI;;2010;Italien;Venetien;Corvina;Rotwein;;Antipasti, kräftigem Käse, mildem Käse, Risotto & Pilz;14%;ja;0.75 cl;
;IT1064;105;NERO D'AVOLA SYRAH IGT LA CASADA;5,5;;NERO D'AVOLA SYRAH IGT LA CASADA;;2010;Italien;Sizilien;Nero d'Avola, Shiraz / Syrah;Rotwein;;Braten, kräftigem Käse, Rotes Fleisch;14%;;0.75 cl;
;IT1065;107;GRILLO IGT ANTONINI CERESA;5,5;;GRILLO IGT ANTONINI CERESA;;2010;Italien;Sizilien;Grillo;Weisswein;;Aperitif, Fischgerichte, Vegetarisches, Vorspeise & Salat;12%;;0.75 cl;
;IT1066;107;PINOT GRIGIO IGT ANTONINI CERESA;5,5;;PINOT GRIGIO IGT ANTONINI CERESA;;2010;Italien;;Pinot Grigio;Weisswein;;Fischgerichte, Reis, Vegetarisches, Vorspeise & Salat, Weisses Fleisch;12%;;0.75 cl;
;IT1067;105;PRIMITIVO IGT ANTONINI CERESA;5,5;;PRIMITIVO IGT ANTONINI CERESA;;2010;Italien;Apulien;Primitivo;Rotwein;;kräftigem Käse, mildem Käse, Rotes Fleisch, Steak, Wildfleisch;12,5%;;0.75 cl;
;IT1068;105;NERO D‘AVOLA IGT ANTONINI CERESA;5,5;;NERO D‘AVOLA IGT ANTONINI CERESA;;2010;Italien;;Aglianico;Rotwein;;Braten, Geflügel, Grillfleisch, Kalbfleisch, Rindfleisch, Rotes Fleisch, Steak, Wildfleisch;12,5%;;0.75 cl;
;IT1069;105;AGLIANICO DEL VULTURE RISERVA DOC CERBERO;7,5;10,5;AGLIANICO DEL VULTURE RISERVA DOC CERBERO;;2005;Italien;Basilikata;Aglianico;Rotwein;;kräftigem Käse, mildem Käse, Rotes Fleisch, Steak, Wildfleisch;14%;;0.75 cl;
;IT1070;105;NERO D'AVOLA SICILIA IGT ETHOS ANGEL;7,5;10,5;NERO D'AVOLA SICILIA IGT ETHOS ANGEL;;2009;Italien;Sizilien;Nero d'Avola;Rotwein;;Grillfleisch, Rotes Fleisch;14,5;;0.75 cl;
;IT1071;105;MERLOT DELLE VENEZIE IGT ETHOS ANGEL;10,5;12,5;MERLOT DELLE VENEZIE IGT ETHOS ANGEL;;2009;Italien;Venetien;Merlot;Rotwein;;;15,5%;ja;0.75 cl;
;IT1072;105;BRINDISI RISERVA DOCG TERRE DELLA BRUNDA;7,5;;BRINDISI RISERVA DOCG TERRE DELLA BRUNDA;;2006;Italien;Apulien;Malvasia, Negroamaro, Sangiovese;Rotwein;;;13%;;0.75 cl;
;IT1073;105;BARBARESCO RISERVA DOCG TRAGUARDO;7,5;12,5;BARBARESCO RISERVA DOCG TRAGUARDO;;2005;Italien;Piemont;Nebbiolo;Rotwein;;Kalbfleisch, kräftigem Käse, Lammfleisch, mildem Käse, Rindfleisch, Schweinefleisch, Vorspeise & Salat, Wildfleisch;13,5%;;0.75 cl;
;IT1074;105;"CABERNET FRANC DOC ,,NO EXCUSE""";7,5;10,5;"CABERNET FRANC DOC ,,NO EXCUSE""";;2008;Italien;Venetien;Cabernet Franc;Rotwein;;Geflügel, Grillfleisch, Lammfleisch, Wildfleisch;13%;;0.75 cl;
;IT1075;105;CANNONAU DI SARDEGNA RISERVA DOC IL MORO;7,5;;CANNONAU DI SARDEGNA RISERVA DOC IL MORO;;2007;Italien;Sardinien;Cannonau;Rotwein;;Antipasti, Braten, Grillfleisch, Kalbfleisch, Lammfleisch, Pasta, Rindfleisch, Rotes Fleisch, Schweinefleisch, Steak, Weisses Fleisch;13%;;0.75 cl;
;IT1076;105;MERLOT RISERVA DOC PIAVE;5,5;7,5;MERLOT RISERVA DOC PIAVE;;2007;Italien;Venetien;Merlot;Rotwein;;Braten, Grillfleisch, kräftigem Käse, Pasta, Pizza, Risotto & Pilz, Suppen;13%;;0.75 cl;
;IT1077;105;ISOLA DEI NURAGHI IGT, RIMBALDI ROSSO;5,5;;ISOLA DEI NURAGHI IGT, RIMBALDI ROSSO;;2009;Italien;Sardinien;Cannonau;Rotwein;;Geflügel, kräftigem Käse, Vegetarisches, Vorspeise & Salat, Weisses Fleisch;12,5%;;0.75 cl;
;IT1078;105;NERO D'AVOLA SICILIA IGT VILLA GRITTI;5,5;;NERO D'AVOLA SICILIA IGT VILLA GRITTI;;2009;Italien;;Nero d'Avola;Rotwein;;Braten, Grillfleisch, Kalbfleisch, kräftigem Käse, Rindfleisch, Rotes Fleisch;14%;;0.75 cl;
;IT1079;105;PRIMITIVO SALENTO IGT CALEO;5,5;;PRIMITIVO SALENTO IGT CALEO;;2009;Italien;Apulien;Primitivo, Salento;Rotwein;;Braten, Kalbfleisch, kräftigem Käse, Lammfleisch, mildem Käse, Rindfleisch, Steak, Wildfleisch;13%;;0.75 cl;
;IT1080;107;PINOT GRIGIO IGT CORTEMAGGIO;7,5;;PINOT GRIGIO IGT CORTEMAGGIO;;2010;Italien;;Pinot Grigio;Weisswein;;Antipasti, Aperitif, Fischgerichte, Vegetarisches, Vorspeise & Salat;13%;;0.75 cl;
;IT1081;105;MONTEPULCIANO D'ABRUZZO RISERVA BARRIQUE CONTESSA MARINA;7,5;10,5;MONTEPULCIANO D'ABRUZZO RISERVA BARRIQUE CONTESSA MARINA;;2007;Italien;Abruzzen;Montepulciano;Rotwein;;Barbeque, Braten, Grillfleisch, Kalbfleisch, Lammfleisch, Rotes Fleisch, Steak, Vorspeise & Salat, Wildfleisch;13%;;0.75 cl;
;IT1082;105;SANGIOVESE DI ROMAGNA RISERVA DOC GRIFONE;7,5;;SANGIOVESE DI ROMAGNA RISERVA DOC GRIFONE;;2007;Italien;Emilia Romagna;Sangiovese;Rotwein;;Braten, kräftigem Käse, Wildfleisch;13%;;0.75 cl;
;IT1083;105;SALICE SALENTINO RISERVA DOC;5,5;;SALICE SALENTINO RISERVA DOC;;2007;Italien;Apulien;Malvasia Nera, Negromaro;Rotwein;;Braten, Geflügel, Kalbfleisch, mildem Käse, Pasta, Schweinefleisch, Vorspeise & Salat;13%;;0.75 cl;
;IT1084;105;SANGIOVESE DI ROMAGNA RISERVA DOC;5,5;;SANGIOVESE DI ROMAGNA RISERVA DOC;;2007;Italien;Emilia Romagna;Sangiovese;Rotwein;;Antipasti, Grillfleisch, kräftigem Käse, Pasta, Steak;13%;;0.75 cl;
;IT1085;107;GRILLO SICILIA IGT LA CACCIATORA;5,5;;GRILLO SICILIA IGT LA CACCIATORA;;2009;Italien;Sizilien;Grillo;Weisswein;;Aperitif, Fischgerichte, Weisses Fleisch;12%;;0.75 cl;
;IT1086;105;PRIMITIVO TARANTINO IGT LA CACCIATORA;5,5;;PRIMITIVO TARANTINO IGT LA CACCIATORA;;2011;Italien;Apulien;Primitivo;Rotwein;;Antipasti, Pasta, Pizza, Rotes Fleisch;13,5%;;0.75 cl;
;IT1087;105;NERO D'AVOLA SICILIA IGT LA CACCIATORA;5,5;;NERO D'AVOLA SICILIA IGT LA CACCIATORA;;2011;Italien;;Nero d'Avola;Rotwein;;Braten;13%;;0.75 cl;
;IT1088;105;MONTEPULCIANO D'ABRUZZO DOC LA CACCIATORA;5,5;;MONTEPULCIANO D'ABRUZZO DOC LA CACCIATORA;;2009;Italien;Abruzzen;Montepulciano;Rotwein;;Grillfleisch;12,5%;;0.75 cl;
;IT1089;105;SANGIOVESE PUGLIA IGT CALDIROLA;5,5;;SANGIOVESE PUGLIA IGT CALDIROLA;;2010;Italien;Apulien;Sangiovese;Rotwein;;Braten, Grillfleisch, Wildfleisch;11,5%;;0.75 cl;
;IT1090;105;SALICE SALENTINO ROSSO DOC CALDIROLA;5,5;;SALICE SALENTINO ROSSO DOC CALDIROLA;;2009;Italien;Apulien;Malvasia Nera, Negromaro;Rotwein;;Braten, Pizza, Rotes Fleisch;13%;;0.75 cl;
;IT1091;107;GARGANEGA MULLER THURGAU IGT VILLA NOVECENTO;5,5;;GARGANEGA MULLER THURGAU IGT VILLA NOVECENTO;;2009;Italien;Venetien;Gargenega;Weisswein;;Aperitif, Vegetarisches, Vorspeise & Salat, Weisses Fleisch;12%;;0.75 cl;
;IT1092;105;VALPOLICELLA CLASSICO RIPASSO DOC MAGRINELLI;7,5;12,5;VALPOLICELLA CLASSICO RIPASSO DOC MAGRINELLI;;2007;Italien;Venetien;Corvina;Rotwein;;Braten, Grillfleisch, Pasta, Steak;14%;;0.75 cl;
;IT1093;105;VALPOLICELLA CLASSICO SUPERIORE RIPASSO DOC TERRE DEL MORO;8,5;10,5;VALPOLICELLA CLASSICO SUPERIORE RIPASSO DOC TERRE DEL MORO;;2008;Italien;Venetien;Corvina, Valpolicella;Rotwein;;Braten, Kalbfleisch, Lammfleisch, Rindfleisch, Wildfleisch;14,5%;ja;0.75 cl;
;IT1094;105;VALPOLICELLA CLASSICO SUPERIORE RIPASSO DOC TERRE DEL MORO;8,5;10,5;VALPOLICELLA CLASSICO SUPERIORE RIPASSO DOC TERRE DEL MORO;;2008;Italien;Venetien;Corvina, Valpolicella;Rotwein;;Braten, Kalbfleisch, Lammfleisch, Rindfleisch, Wildfleisch;14,5%;ja;0.75 cl;
;IT1095;105;VALPOLICELLA CLASSICO RISPASSO DOC MAGRINELLI;7,5;12,5;VALPOLICELLA CLASSICO RISPASSO DOC MAGRINELLI;;2007;Italien;Venetien;Corvina;Rotwein;;Braten, Grillfleisch, Pasta, Steak;14%;;0.75 cl;
;IT1096;105;VALPOLICELLA CLASSICO SUPERIORE RIPASSO DOC CA' DEL FONGO;12,5;;VALPOLICELLA CLASSICO SUPERIORE RIPASSO DOC CA' DEL FONGO;;2009;Italien;Venetien;Corvina, Molinara, Rondinella;Rotwein;;Braten, Grillfleisch, kräftigem Käse, Steak, Wildfleisch;14,5%;ja;0.75 cl;
;IT1097;105;AMARONE DELLA VALPOLICELLA CLASSICO DOC MONTE BALDON;23,5;;AMARONE DELLA VALPOLICELLA CLASSICO DOC MONTE BALDON;;2008;Italien;Venetien;Amarone, Corvina, Molinara, Rondinella;Rotwein;;Barbeque, Braten, Grillfleisch, Rindfleisch, Steak, Wildfleisch;16%;ja;0.75 cl;
;IT1098;105;MERLOT DEL VENETO IGT SAMANTA SEMISECO;5,5;;MERLOT DEL VENETO IGT SAMANTA SEMISECO;;2008;Italien;;Merlot;Rotwein;;Braten, Geflügel, Grillfleisch;11,3%;;0.75 cl;
;IT1099;105;PRIMITIVO SALENTO IGT ADAGE;5,5;;PRIMITIVO SALENTO IGT ADAGE;;2008;Italien;Apulien;Primitivo;Rotwein;;Antipasti, Geflügel, Grillfleisch;13%;;0.75 cl;
;IT1100;105;PRIMITIVO DI MADURIA DOC PRINCIPE DI FEDERICO;10,5;;PRIMITIVO DI MADURIA DOC PRINCIPE DI FEDERICO;;2010;Italien;Apulien;Primitivo di Manduria;Rotwein;;Grillfleisch, kräftigem Käse, Wildfleisch;14%;ja;0.75 cl;
;IT1101;105;ROSSE DEI PRINCIPE VDT VILLA MARIN;5,5;7,5;ROSSE DEI PRINCIPE VDT VILLA MARIN;;2009;Italien;Venetien;Roussanne;Rotwein;;Rotes Fleisch, Vorspeise & Salat;13%;;0.75 cl;
;IT1102;107;I PAPIRI VERMENTINO DI SARDEGNA DOC SANTA MARIA LA PALMA;7,5;12,5;I PAPIRI VERMENTINO DI SARDEGNA DOC SANTA MARIA LA PALMA;;2008;Italien;Sardinien;Vermentino;Weisswein;;Fischgerichte, Meeresfrüchte, Vegetarisches;13%;;0.75 cl;
;IT1103;105;CAGNULARI ALGHERO DOC SANTA MARIA LA PALMA;10,5;15,5;CAGNULARI ALGHERO DOC SANTA MARIA LA PALMA;;2007;Italien;Sardinien;Carignan;Rotwein;;Barbeque, Grillfleisch, kräftigem Käse, mildem Käse, Risotto & Pilz;13%;ja;0.75 cl;
;IT1104;105;ARAGOSTA VERMENTINO DI SARDEGNA DOC SANTA MARIA LA PALMA;7,5;;ARAGOSTA VERMENTINO DI SARDEGNA DOC SANTA MARIA LA PALMA;;2008;Italien;Sardinien;Vermentino;Weisswein;;Fischgerichte, Meeresfrüchte;12%;;0.75 cl;
;IT1105;105;CANNONAU DI SARDEGNA RISERVA DOC SANTA MARIA LA PALMA;10,5;15,5;CANNONAU DI SARDEGNA RISERVA DOC SANTA MARIA LA PALMA;;2003;Italien;Sardinien;Cannonau;Rotwein;;Barbeque, Grillfleisch, Kalbfleisch, kräftigem Käse, Lammfleisch, Rotes Fleisch, Steak, Wildfleisch;13,5%;ja;0.75 cl;
;IT1106;105;BIFERNO RISERVA CONTE DI LUCCA DOC;7,5;;BIFERNO RISERVA CONTE DI LUCCA DOC;;2006;Italien;;Aglianico;Rotwein;;Braten, Geflügel, Kalbfleisch, Rotes Fleisch, Weisses Fleisch, Wildfleisch;13%;;0.75 cl;
;IT1107;105;AMARONE DELLA VALPOLICELLA DOC CLASSICO CA COATO;35,5;55;AMARONE DELLA VALPOLICELLA DOC CLASSICO CA COATO;;2007;Italien;Venetien;Corvina, Molinara, Rondinella;Rotwein;;Kalbfleisch, Lammfleisch, Steak, Wildfleisch;17%;ja;0.75 cl;
;IT1108;105;AMARONE DELLA VALPOLICELLA DOC CLASSICO DINNAY;35,5;53,9;AMARONE DELLA VALPOLICELLA DOC CLASSICO DINNAY;;2008;Italien;Venetien;Corvina, Molinara, Rondinella;Rotwein;;kräftigem Käse, Rotes Fleisch, Wildfleisch;15,5%;ja;0.75 cl;
;IT1109;105;AMARONE DELLA VALPOLICELLA DOC CLASSICO LA CASONA;22,5;;AMARONE DELLA VALPOLICELLA DOC CLASSICO LA CASONA;;2008;Italien;Venetien;Corvina, Molinara, Rondinella;Rotwein;;Grillfleisch, Kalbfleisch, Rotes Fleisch, Steak, Wildfleisch;15%;ja;0.75 cl;
;IT1110;105;AMARONE DELLA VALPOLICELLA DOC CLASSICO SARTORI RINO;24,5;28,5;AMARONE DELLA VALPOLICELLA DOC CLASSICO SARTORI RINO;;2008;Italien;Venetien;Rotes Fleisch, Steak, Wildfleisch;;;Rotes Fleisch, Steak, Wildfleisch;15%;ja;0.75 cl;
;IT1111;105;BARBERA D'ASTI PIEMONT DOCG SUPERIORE MILIASO;7,5;;BARBERA D'ASTI PIEMONT DOCG SUPERIORE MILIASO;;2008;Italien;Piemont;Barbera;Rotwein;;Antipasti, Pasta, Pizza, Rotes Fleisch;13,5%;;0.75 cl;
;IT1112;105;MONFERRATO ROSSO DOC REMAJOR;10,5;13,8;MONFERRATO ROSSO DOC REMAJOR;;2008;Italien;Piemont;Barbera, Cabernet, Docetto;Rotwein;;Antipasti, Pasta, Risotto & Pilz, Rotes Fleisch, Vorspeise & Salat;14%;ja;0.75 cl;
;IT1113;105;NEGRO AMARO SALENTO IGT BARRIQUE MASSERE CIVITELLA VALLARSA;7,5;;NEGRO AMARO SALENTO IGT BARRIQUE MASSERE CIVITELLA VALLARSA;;2010;Italien;Salento;Negroamaro, Salento;Rotwein;;Geflügel, Grillfleisch, Lammfleisch, mildem Käse;14%;;0.75 cl;
;IT1114;107;PINOT GRIGIO DELLE VENEZIA GIULIA IGT IL PAL?;7,5;10,5;PINOT GRIGIO DELLE VENEZIA GIULIA IGT IL PAL?;;2010;Italien;Venetien;Pinot Grigio;Weisswein;;Antipasti, Fischgerichte, Geflügel, mildem Käse, Pasta;12,5%;;0.75 cl;
;IT1115;105;ROSSO SALENTO IGT AMORNERO;7,5;13,8;ROSSO SALENTO IGT AMORNERO;;2009;Italien;Apulien;Salento;Rotwein;;Rotes Fleisch, Steak, Vorspeise & Salat;14,5%;;0.75 cl;
;IT1116;105;ROSSO SALENTO IGT BELCONTE;7,5;;ROSSO SALENTO IGT BELCONTE;;2009;Italien;Apulien;Salento;Rotwein;;Rotes Fleisch;14%;;0.75 cl;
;IT1117;105;ROSSO SALENTO IGT DON MATTEO;7,5;11,4;ROSSO SALENTO IGT DON MATTEO;;2009;Italien;Apulien;Salento;Rotwein;;Rotes Fleisch;14%;;0.75 cl;
;IT1118;105;ROSSO VERONESE IGT SARTORI RINO;10,5;;ROSSO VERONESE IGT SARTORI RINO;;2010;Italien;Venetien;Charmat;Rotwein;;Rotes Fleisch;14,5%;ja;0.75 cl;
;IT1119;105;UVA DI TROIA PUGLIA IGT;7,5;;UVA DI TROIA PUGLIA IGT;;2010;Italien;Apulien;Uva di Troia;Rotwein;;Grillfleisch, Rotes Fleisch;13%;;0.75 cl;
;IT1120;108;MOSCATO VINO FRIZZANTE;4,5;7,5;MOSCATO VINO FRIZZANTE;;;Italien;Apulien;Moscato Bianco;Schaumwein;;Aperitif;8%;;0.75 cl;
;IT1121;108;MOSCATO D'ASTI DOCG MORELLI;12,5;16,9;MOSCATO D'ASTI DOCG MORELLI;;;Italien;Piemont;Moscato Bianco;Schaumwein;;Aperitif, Desserts, kräftigem Käse;5%;ja;0.75 cl;
;IT1122;105;AMARONE DELLA VALPOLICELLA CLASSICO DOC MOROPIO;27,5;39;AMARONE DELLA VALPOLICELLA CLASSICO DOC MOROPIO;;2008;Italien;Venetien;Amarone, Corvina, Molinara, Rondinella;Rotwein;;Barbeque, Braten, Grillfleisch, Rindfleisch, Steak, Wildfleisch;16%;ja;0.75 cl;
;IT1123;105;ROSSO ARCOLA DOC PASSONERO;7,5;11,9;ROSSO ARCOLA DOC PASSONERO;;2008;Italien;Venetien;Cabernet, Merlot;Rotwein;;Braten, Grillfleisch, Kalbfleisch, Pasta, Rotes Fleisch;14%;;0.75 cl;
;IT1124;105;CABERNET SAUVIGNON ALGHERO DOC MARCHESE DI VILLAMARINA;32,5;43,5;CABERNET SAUVIGNON ALGHERO DOC MARCHESE DI VILLAMARINA;;2006;Italien;Sardinien;Cabernet Sauvignon;Rotwein;;Braten, kräftigem Käse, Wildfleisch;13%;ja;0.75 cl;
;IT1125;105;CHIANTI CLASSICO DOCG RISERVA DUCALE RUFFINO;15,5;24,8;CHIANTI CLASSICO DOCG RISERVA DUCALE RUFFINO;;2007;Italien;Toskana;Cabernet Sauvignon, Merlot, Sangiovese;Rotwein;;Braten, Grillfleisch, kräftigem Käse, Pasta, Steak, Wildfleisch;13,5%;ja;0.75 cl;
;IT1126;105;SANGIOVESE CABERNET CANAIOLO BARCO REALE DI CARMIGNANO;12,5;16,8;SANGIOVESE CABERNET CANAIOLO BARCO REALE DI CARMIGNANO;;2008;Italien;Toskana;Cabernet, Canaiolo, Sangiovese;Rotwein;;Braten, Grillfleisch, Rotes Fleisch;11%;ja;0.75 cl;
;IT1127;105;VALPOLICELLA DOC VILLA GIULIA;4,5;9,9;VALPOLICELLA DOC VILLA GIULIA;;2009;Italien;Abruzzen;Valpolicella;Rotwein;;kräftigem Käse, Rotes Fleisch;13%;;0.75 cl;
;IT1128;105;NERO D'ARCOLE DOC DESMONTA;20,5;33,5;NERO D'ARCOLE DOC DESMONTA;;2008;Italien;Venetien;Cabernet Sauvignon, Merlot;Rotwein;;Grillfleisch, kräftigem Käse, Wildfleisch;15%;ja;0.75 cl;
;IT1129;108;"COLLI DI CONEGLIANO BIANCO DOC ,,MINA""";10,5;;"COLLI DI CONEGLIANO BIANCO DOC ,,MINA""";;2010;Italien;;Chardonnay, Incrocio Manzoni, Sauvignon Blanc;Weisswein;;Fischgerichte, Käseplatte, Meeresfrüchte;12,5%;ja;0.75 cl;
;IT1130;105;"CABERNET SAUVIGNON DOC ""ICÓNA""";7,5;10,5;"CABERNET SAUVIGNON DOC ""ICÓNA""";;2008;Italien;Venetien;Cabernet Sauvignon;Rotwein;;Rotes Fleisch;13%;;0.75 cl;
;IT1131;105;BIFERNO ROSSO ROSERVA BACARO DOC;7,5;10,5;BIFERNO ROSSO ROSERVA BACARO DOC;;2004;Italien;Molise;Aglianico, Montepulciano;Rotwein;;Braten, Kalbfleisch, Rotes Fleisch, Wildfleisch;13%;;0.75 cl;
;IT1132;105;MERLOT RINERO ROSSO IGT DESMONTA;12,5;15,5;MERLOT RINERO ROSSO IGT DESMONTA;;2008;Italien;Venetien;Cabernet Sauvignon, Merlot;Rotwein;;Braten, Grillfleisch, kräftigem Käse, Wildfleisch;14%;ja;0.75 cl;
;IT1133;107;MULLER THURGAU DELLA VENEZIE IGT ASTORIA VINO FRIZZANTE;10,5;;MULLER THURGAU DELLA VENEZIE IGT ASTORIA VINO FRIZZANTE;;;Italien;Venetien;Müller-Thurgau;Weisswein;;Aperitif, Vegetarisches, Vorspeise & Salat, Weisses Fleisch;12%;ja;0.75 cl;
;IT1134;105;RUFFINO II DUCALE IGT ROSSO;12,5;17,55;RUFFINO II DUCALE IGT ROSSO;;2009;Italien;Toskana;Cabernet Sauvignon, Merlot, Sangiovese;Rotwein;;Braten, Grillfleisch, kräftigem Käse, Pasta, Steak, Wildfleisch;13,5%;ja;0.75 cl;
;IT1135;105;CANNONAU DI SARDEGNA DOC RISERVA LE BIGHE;7,5;12,5;CANNONAU DI SARDEGNA DOC RISERVA LE BIGHE;;2007;Italien;Sardinien;Cannonau;Rotwein;;Antipasti;13%;;0.75 cl;
;IT1136;108;VINO SPUMANTE CUVÉE ASTORIA LOUNGE;7,5;10,5;VINO SPUMANTE CUVÉE ASTORIA LOUNGE;;;Italien;Venetien;Chardonnay, Prosecco;Schaumwein;;Aperitif;11%;;0.75 cl;
;IT1137;108;VINO SPUMANTE SWEET ASTORIA LOUNGE;7,5;10,5;VINO SPUMANTE SWEET ASTORIA LOUNGE;;;Italien;Venetien;Prosecco;Schaumwein;;Aperitif;7%;;0.75 cl;
;IT1138;108;VINO SPUMANTE ROSÉ ASTORIA LOUNGE;5,5;10,5;VINO SPUMANTE ROSÉ ASTORIA LOUNGE;;;Italien;Venetien;Prosecco;Schaumwein;;Aperitif;11,5%;;0.75 cl;
;IT1139;108;GARGANEGA PROSECCO EXTRA DRY CALDIROLA;5,5;;GARGANEGA PROSECCO EXTRA DRY CALDIROLA;;;Italien;Venetien;Prosecco;Schaumwein;;Aperitif;11,5%;;0.75 cl;
;IT1140;108;PROSECCO SPUMANTE VENETO DOC BAROCCA EXTRA DRY;10,5;12,5;PROSECCO SPUMANTE VENETO DOC BAROCCA EXTRA DRY;;;Italien;venetien;Prosecco;Schaumwein;;Aperitif;11%;ja;0.75 cl;
;IT1141;108;PROSECCO SPUMANTE VENETO DOC BORGO DEI SASSI BRUT;10,5;12,5;PROSECCO SPUMANTE VENETO DOC BORGO DEI SASSI BRUT;;;Italien;Venetien;Prosecco;Schaumwein;;Aperitif;11%;ja;0.75 cl;
;IT1142;108;VINO SPUMANTE EXTRA DRY SERGIO MIONETTO;12,5;16,5;VINO SPUMANTE EXTRA DRY SERGIO MIONETTO;;;Italien;Venetien;Prosecco;Schaumwein;;Aperitif;11%;ja;0.75 cl;
;IT1143;108;MOSCATO PLATINA SPUMANTE DOLCE;7,5;9,9;MOSCATO PLATINA SPUMANTE DOLCE;;;Italien;Piemont;Moscato Bianco;Schaumwein;;Aperitif;7%;;0.75 cl;
;IT1144;108;PROSECCO DI VALDOBBIADENE VILLA ANTONINI BRUT;10,5;14,95;PROSECCO DI VALDOBBIADENE VILLA ANTONINI BRUT;;;Italien;Venetien;Prosecco;Schaumwein;;Aperitif;11,5%;ja;0.75 cl;
;IT1145;108;PROSECCO DI VALDOBBIADENE VILLA ANTONINI EXTRA DRY;10,5;14,95;PROSECCO DI VALDOBBIADENE VILLA ANTONINI EXTRA DRY;;;Italien;Venetien;Prosecco;Schaumwein;;Aperitif;11,5%;ja;0.75 cl;
;IT1146;108;PROSECCO DI VALDOBBIADENE SUPERIORE DOCG EXTRA DRY;12,5;18,9;PROSECCO DI VALDOBBIADENE SUPERIORE DOCG EXTRA DRY;;;Italien;Venetien;Prosecco;Schaumwein;;Aperitif;11,5%;ja;0.75 cl;
;IT1147;108;PROSECCO D.O.C. VAL DE BRUN CUVÉE;10,5;;PROSECCO D.O.C. VAL DE BRUN CUVÉE;;;Italien;Venetien;Prosecco;Schaumwein;;Aperitif;11%;ja;0.75 cl;
;IT1148;108;PROSECCO D.O.C. TREVISO ANTONINI CERESA;10,5;;PROSECCO D.O.C. TREVISO ANTONINI CERESA;;;Italien;Venetien;Prosecco;Schaumwein;;Aperitif, Fischgerichte;11%;ja;0.75 cl;
;;;;;;;;;;;;;;;;;;
;;;;;;;;;;;;;;;;;;
;;;;;;;;;;;;;;;;;;
;;;Artikel;Unsere Preis;Original Preis;Kurzbeschreibung;Beschreibung;Jahrgang;Herkunft;Region;Traubensorte;Farbe;Trinktemperatur;Past gut zu;Alkohol;Raritäten;Inhalt;Charakter
